,m_S,kappa,lambda_S,C,alpha_s,Delta,gamma,Psi
m_S,1.0,0.002011162490157497,0.004096963387798148,0.0037008968232923553,-0.001139256343990313,0.9998948385388455,0.14211939353194536,0.14134759191577276
kappa,0.002011162490157497,1.0,-0.0034169900387363335,0.0070358077371198225,-0.004650091841540738,0.012801861671223266,-0.125295099745979,-0.12473100753730501
lambda_S,0.004096963387798148,-0.0034169900387363335,1.0,-0.0011257086898890365,0.00041298539414332734,0.004049089345857486,0.0007525509847467129,0.0006885198706622415
C,0.0037008968232923553,0.0070358077371198225,-0.0011257086898890365,1.0,0.0016406211098144799,0.013457981418606463,-0.23639364286760955,-0.23576829877590053
alpha_s,-0.001139256343990313,-0.004650091841540738,0.00041298539414332734,0.0016406211098144799,1.0,-0.001171313295808785,-0.9499045098712605,-0.9474491462464564
Delta,0.9998948385388455,0.012801861671223266,0.004049089345857486,0.013457981418606463,-0.001171313295808785,1.0,0.1384634990073233,0.13770490441821848
gamma,0.14211939353194536,-0.125295099745979,0.0007525509847467129,-0.23639364286760955,-0.9499045098712605,0.1384634990073233,1.0,0.9995231856774928
Psi,0.14134759191577276,-0.12473100753730501,0.0006885198706622415,-0.23576829877590053,-0.9474491462464564,0.13770490441821848,0.9995231856774928,1.0
