,mean,std,2.5%,97.5%
Delta,1.7100444248307447,0.014992843744312055,1.6806963879719812,1.7393990043735241
gamma,16.373947849388653,1.0051248963949653,14.752242155635003,18.275848906902095
Psi,1291.75888381964,159.1253033383244,1044.6175133705876,1603.231935685993
